Month,Interest,Loan Remaining
0,0,100.0
1,0.4166666666666667,90.41666666666667
2,0.7934027777777778,80.79340277777779
3,1.1300419560185184,71.13004195601853
4,1.4264171308352622,61.426417130835276
5,1.6823605355470759,51.68236053554709
6,1.8977037044451888,41.897703704445206
7,2.072277469880377,32.0722774698804
8,2.205911959338212,22.205911959338234
9,2.2984365925021213,12.298436592502144
10,2.3496800783042135,2.349680078304236
11,2.3594704119638146,-7.640529588036163
